"estimate"	"statistic"	"p.value"	"conf.low"	"conf.high"
-1	-2.7017161347915	0.00749672992048483	-1.72991290700068	-0.270087092999316
