"estimate1"	"estimate2"	"statistic"	"p.value"	"parameter"
11	10	2.7017161347915	0.00749672992048483	198
