"kontroll"	"behandling"	"t-värde"	"p-värde"	"frihetsgrader"
10	11	2.7017161347915	0.00749672992048483	198
