"kontroll"	"behandling"	"t-värde"	"p-värde"	"frihetsgrader"	"effektstorlek"
10	11	2.7017161347915	0.00749672992048483	198	0.382080359950435
